<?xml version="1.0" encoding="UTF-8"?>
<export version="E">
  <design>
    <source>/Users/zane/Library/Mobile Documents/com~apple~CloudDocs/Repos/RAM128/RAM128.kicad_sch</source>
    <date>Sunday, March 03, 2024 at 06:48:54 PM</date>
    <tool>Eeschema 7.0.10</tool>
    <sheet number="1" name="/" tstamps="/">
      <title_block>
        <title>RAM128 (GW4208B)</title>
        <company>Garrett's Workshop</company>
        <rev>1.2</rev>
        <date>2023-12-07</date>
        <source>RAM128.kicad_sch</source>
        <comment number="1" value=""/>
        <comment number="2" value=""/>
        <comment number="3" value=""/>
        <comment number="4" value=""/>
        <comment number="5" value=""/>
        <comment number="6" value=""/>
        <comment number="7" value=""/>
        <comment number="8" value=""/>
        <comment number="9" value=""/>
      </title_block>
    </sheet>
  </design>
  <components>
    <comp ref="C1">
      <value>10u</value>
      <footprint>stdpads:C_0805</footprint>
      <fields>
        <field name="LCSC Part">C15850</field>
      </fields>
      <libsource lib="Device" part="C_Small" description="Unpolarized capacitor, small symbol"/>
      <property name="LCSC Part" value="C15850"/>
      <property name="Sheetname" value=""/>
      <property name="Sheetfile" value="RAM128.kicad_sch"/>
      <property name="ki_description" value="Unpolarized capacitor, small symbol"/>
      <property name="ki_keywords" value="capacitor cap"/>
      <sheetpath names="/" tstamps="/"/>
      <tstamps>00000000-0000-0000-0000-00005f64def7</tstamps>
    </comp>
    <comp ref="C2">
      <value>2u2</value>
      <footprint>stdpads:C_0603</footprint>
      <fields>
        <field name="LCSC Part">C23630</field>
      </fields>
      <libsource lib="Device" part="C_Small" description="Unpolarized capacitor, small symbol"/>
      <property name="LCSC Part" value="C23630"/>
      <property name="Sheetname" value=""/>
      <property name="Sheetfile" value="RAM128.kicad_sch"/>
      <property name="ki_description" value="Unpolarized capacitor, small symbol"/>
      <property name="ki_keywords" value="capacitor cap"/>
      <sheetpath names="/" tstamps="/"/>
      <tstamps>00000000-0000-0000-0000-00005d14d1b0</tstamps>
    </comp>
    <comp ref="C3">
      <value>2u2</value>
      <footprint>stdpads:C_0603</footprint>
      <fields>
        <field name="LCSC Part">C23630</field>
      </fields>
      <libsource lib="Device" part="C_Small" description="Unpolarized capacitor, small symbol"/>
      <property name="LCSC Part" value="C23630"/>
      <property name="Sheetname" value=""/>
      <property name="Sheetfile" value="RAM128.kicad_sch"/>
      <property name="ki_description" value="Unpolarized capacitor, small symbol"/>
      <property name="ki_keywords" value="capacitor cap"/>
      <sheetpath names="/" tstamps="/"/>
      <tstamps>00000000-0000-0000-0000-00005d14d1aa</tstamps>
    </comp>
    <comp ref="C4">
      <value>2u2</value>
      <footprint>stdpads:C_0603</footprint>
      <fields>
        <field name="LCSC Part">C23630</field>
      </fields>
      <libsource lib="Device" part="C_Small" description="Unpolarized capacitor, small symbol"/>
      <property name="LCSC Part" value="C23630"/>
      <property name="Sheetname" value=""/>
      <property name="Sheetfile" value="RAM128.kicad_sch"/>
      <property name="ki_description" value="Unpolarized capacitor, small symbol"/>
      <property name="ki_keywords" value="capacitor cap"/>
      <sheetpath names="/" tstamps="/"/>
      <tstamps>00000000-0000-0000-0000-0000607fa429</tstamps>
    </comp>
    <comp ref="C5">
      <value>2u2</value>
      <footprint>stdpads:C_0603</footprint>
      <fields>
        <field name="LCSC Part">C23630</field>
      </fields>
      <libsource lib="Device" part="C_Small" description="Unpolarized capacitor, small symbol"/>
      <property name="LCSC Part" value="C23630"/>
      <property name="Sheetname" value=""/>
      <property name="Sheetfile" value="RAM128.kicad_sch"/>
      <property name="ki_description" value="Unpolarized capacitor, small symbol"/>
      <property name="ki_keywords" value="capacitor cap"/>
      <sheetpath names="/" tstamps="/"/>
      <tstamps>00000000-0000-0000-0000-00005fda7e42</tstamps>
    </comp>
    <comp ref="C6">
      <value>2u2</value>
      <footprint>stdpads:C_0603</footprint>
      <fields>
        <field name="LCSC Part">C23630</field>
      </fields>
      <libsource lib="Device" part="C_Small" description="Unpolarized capacitor, small symbol"/>
      <property name="LCSC Part" value="C23630"/>
      <property name="Sheetname" value=""/>
      <property name="Sheetfile" value="RAM128.kicad_sch"/>
      <property name="ki_description" value="Unpolarized capacitor, small symbol"/>
      <property name="ki_keywords" value="capacitor cap"/>
      <sheetpath names="/" tstamps="/"/>
      <tstamps>00000000-0000-0000-0000-00005e988e8b</tstamps>
    </comp>
    <comp ref="C7">
      <value>2u2</value>
      <footprint>stdpads:C_0603</footprint>
      <fields>
        <field name="LCSC Part">C23630</field>
      </fields>
      <libsource lib="Device" part="C_Small" description="Unpolarized capacitor, small symbol"/>
      <property name="LCSC Part" value="C23630"/>
      <property name="Sheetname" value=""/>
      <property name="Sheetfile" value="RAM128.kicad_sch"/>
      <property name="ki_description" value="Unpolarized capacitor, small symbol"/>
      <property name="ki_keywords" value="capacitor cap"/>
      <sheetpath names="/" tstamps="/"/>
      <tstamps>00000000-0000-0000-0000-000061d5ab0b</tstamps>
    </comp>
    <comp ref="C8">
      <value>2u2</value>
      <footprint>stdpads:C_0603</footprint>
      <fields>
        <field name="LCSC Part">C23630</field>
      </fields>
      <libsource lib="Device" part="C_Small" description="Unpolarized capacitor, small symbol"/>
      <property name="LCSC Part" value="C23630"/>
      <property name="Sheetname" value=""/>
      <property name="Sheetfile" value="RAM128.kicad_sch"/>
      <property name="ki_description" value="Unpolarized capacitor, small symbol"/>
      <property name="ki_keywords" value="capacitor cap"/>
      <sheetpath names="/" tstamps="/"/>
      <tstamps>00000000-0000-0000-0000-000061d3ae9c</tstamps>
    </comp>
    <comp ref="C9">
      <value>2u2</value>
      <footprint>stdpads:C_0603</footprint>
      <fields>
        <field name="LCSC Part">C23630</field>
      </fields>
      <libsource lib="Device" part="C_Small" description="Unpolarized capacitor, small symbol"/>
      <property name="LCSC Part" value="C23630"/>
      <property name="Sheetname" value=""/>
      <property name="Sheetfile" value="RAM128.kicad_sch"/>
      <property name="ki_description" value="Unpolarized capacitor, small symbol"/>
      <property name="ki_keywords" value="capacitor cap"/>
      <sheetpath names="/" tstamps="/"/>
      <tstamps>00000000-0000-0000-0000-000061d3aea2</tstamps>
    </comp>
    <comp ref="C10">
      <value>2u2</value>
      <footprint>stdpads:C_0603</footprint>
      <fields>
        <field name="LCSC Part">C23630</field>
      </fields>
      <libsource lib="Device" part="C_Small" description="Unpolarized capacitor, small symbol"/>
      <property name="LCSC Part" value="C23630"/>
      <property name="Sheetname" value=""/>
      <property name="Sheetfile" value="RAM128.kicad_sch"/>
      <property name="ki_description" value="Unpolarized capacitor, small symbol"/>
      <property name="ki_keywords" value="capacitor cap"/>
      <sheetpath names="/" tstamps="/"/>
      <tstamps>00000000-0000-0000-0000-000061d3aea8</tstamps>
    </comp>
    <comp ref="C11">
      <value>2u2</value>
      <footprint>stdpads:C_0603</footprint>
      <fields>
        <field name="LCSC Part">C23630</field>
      </fields>
      <libsource lib="Device" part="C_Small" description="Unpolarized capacitor, small symbol"/>
      <property name="LCSC Part" value="C23630"/>
      <property name="Sheetname" value=""/>
      <property name="Sheetfile" value="RAM128.kicad_sch"/>
      <property name="ki_description" value="Unpolarized capacitor, small symbol"/>
      <property name="ki_keywords" value="capacitor cap"/>
      <sheetpath names="/" tstamps="/"/>
      <tstamps>00000000-0000-0000-0000-00005fdbff2a</tstamps>
    </comp>
    <comp ref="C12">
      <value>2u2</value>
      <footprint>stdpads:C_0603</footprint>
      <fields>
        <field name="LCSC Part">C23630</field>
      </fields>
      <libsource lib="Device" part="C_Small" description="Unpolarized capacitor, small symbol"/>
      <property name="LCSC Part" value="C23630"/>
      <property name="Sheetname" value=""/>
      <property name="Sheetfile" value="RAM128.kicad_sch"/>
      <property name="ki_description" value="Unpolarized capacitor, small symbol"/>
      <property name="ki_keywords" value="capacitor cap"/>
      <sheetpath names="/" tstamps="/"/>
      <tstamps>00000000-0000-0000-0000-00005fdbff60</tstamps>
    </comp>
    <comp ref="C13">
      <value>2u2</value>
      <footprint>stdpads:C_0603</footprint>
      <fields>
        <field name="LCSC Part">C23630</field>
      </fields>
      <libsource lib="Device" part="C_Small" description="Unpolarized capacitor, small symbol"/>
      <property name="LCSC Part" value="C23630"/>
      <property name="Sheetname" value=""/>
      <property name="Sheetfile" value="RAM128.kicad_sch"/>
      <property name="ki_description" value="Unpolarized capacitor, small symbol"/>
      <property name="ki_keywords" value="capacitor cap"/>
      <sheetpath names="/" tstamps="/"/>
      <tstamps>00000000-0000-0000-0000-00005fdbff44</tstamps>
    </comp>
    <comp ref="C14">
      <value>2u2</value>
      <footprint>stdpads:C_0603</footprint>
      <fields>
        <field name="LCSC Part">C23630</field>
      </fields>
      <libsource lib="Device" part="C_Small" description="Unpolarized capacitor, small symbol"/>
      <property name="LCSC Part" value="C23630"/>
      <property name="Sheetname" value=""/>
      <property name="Sheetfile" value="RAM128.kicad_sch"/>
      <property name="ki_description" value="Unpolarized capacitor, small symbol"/>
      <property name="ki_keywords" value="capacitor cap"/>
      <sheetpath names="/" tstamps="/"/>
      <tstamps>00000000-0000-0000-0000-00006000a7c0</tstamps>
    </comp>
    <comp ref="C15">
      <value>2u2</value>
      <footprint>stdpads:C_0603</footprint>
      <fields>
        <field name="LCSC Part">C23630</field>
      </fields>
      <libsource lib="Device" part="C_Small" description="Unpolarized capacitor, small symbol"/>
      <property name="LCSC Part" value="C23630"/>
      <property name="Sheetname" value=""/>
      <property name="Sheetfile" value="RAM128.kicad_sch"/>
      <property name="ki_description" value="Unpolarized capacitor, small symbol"/>
      <property name="ki_keywords" value="capacitor cap"/>
      <sheetpath names="/" tstamps="/"/>
      <tstamps>00000000-0000-0000-0000-000060014705</tstamps>
    </comp>
    <comp ref="C16">
      <value>10u</value>
      <footprint>stdpads:C_0805</footprint>
      <fields>
        <field name="LCSC Part">C15850</field>
      </fields>
      <libsource lib="Device" part="C_Small" description="Unpolarized capacitor, small symbol"/>
      <property name="LCSC Part" value="C15850"/>
      <property name="Sheetname" value=""/>
      <property name="Sheetfile" value="RAM128.kicad_sch"/>
      <property name="ki_description" value="Unpolarized capacitor, small symbol"/>
      <property name="ki_keywords" value="capacitor cap"/>
      <sheetpath names="/" tstamps="/"/>
      <tstamps>00000000-0000-0000-0000-00005e8640a9</tstamps>
    </comp>
    <comp ref="C17">
      <value>2u2</value>
      <footprint>stdpads:C_0603</footprint>
      <fields>
        <field name="LCSC Part">C23630</field>
      </fields>
      <libsource lib="Device" part="C_Small" description="Unpolarized capacitor, small symbol"/>
      <property name="LCSC Part" value="C23630"/>
      <property name="Sheetname" value=""/>
      <property name="Sheetfile" value="RAM128.kicad_sch"/>
      <property name="ki_description" value="Unpolarized capacitor, small symbol"/>
      <property name="ki_keywords" value="capacitor cap"/>
      <sheetpath names="/" tstamps="/"/>
      <tstamps>1dbdba93-751a-47c2-a9b5-ffda92562a26</tstamps>
    </comp>
    <comp ref="C18">
      <value>2u2</value>
      <footprint>stdpads:C_0603</footprint>
      <fields>
        <field name="LCSC Part">C23630</field>
      </fields>
      <libsource lib="Device" part="C_Small" description="Unpolarized capacitor, small symbol"/>
      <property name="LCSC Part" value="C23630"/>
      <property name="Sheetname" value=""/>
      <property name="Sheetfile" value="RAM128.kicad_sch"/>
      <property name="ki_description" value="Unpolarized capacitor, small symbol"/>
      <property name="ki_keywords" value="capacitor cap"/>
      <sheetpath names="/" tstamps="/"/>
      <tstamps>effadfde-eed7-4ae9-9a04-2ac179bbe725</tstamps>
    </comp>
    <comp ref="FID1">
      <value>Fiducial</value>
      <footprint>stdpads:Fiducial</footprint>
      <libsource lib="Mechanical" part="Fiducial" description="Fiducial Marker"/>
      <property name="Sheetname" value=""/>
      <property name="Sheetfile" value="RAM128.kicad_sch"/>
      <property name="ki_description" value="Fiducial Marker"/>
      <property name="ki_keywords" value="fiducial marker"/>
      <sheetpath names="/" tstamps="/"/>
      <tstamps>00000000-0000-0000-0000-00005d319aed</tstamps>
    </comp>
    <comp ref="FID2">
      <value>Fiducial</value>
      <footprint>stdpads:Fiducial</footprint>
      <libsource lib="Mechanical" part="Fiducial" description="Fiducial Marker"/>
      <property name="Sheetname" value=""/>
      <property name="Sheetfile" value="RAM128.kicad_sch"/>
      <property name="ki_description" value="Fiducial Marker"/>
      <property name="ki_keywords" value="fiducial marker"/>
      <sheetpath names="/" tstamps="/"/>
      <tstamps>00000000-0000-0000-0000-00005d321d2b</tstamps>
    </comp>
    <comp ref="FID3">
      <value>Fiducial</value>
      <footprint>stdpads:Fiducial</footprint>
      <libsource lib="Mechanical" part="Fiducial" description="Fiducial Marker"/>
      <property name="Sheetname" value=""/>
      <property name="Sheetfile" value="RAM128.kicad_sch"/>
      <property name="ki_description" value="Fiducial Marker"/>
      <property name="ki_keywords" value="fiducial marker"/>
      <sheetpath names="/" tstamps="/"/>
      <tstamps>00000000-0000-0000-0000-00005d321da8</tstamps>
    </comp>
    <comp ref="FID4">
      <value>Fiducial</value>
      <footprint>stdpads:Fiducial</footprint>
      <libsource lib="Mechanical" part="Fiducial" description="Fiducial Marker"/>
      <property name="Sheetname" value=""/>
      <property name="Sheetfile" value="RAM128.kicad_sch"/>
      <property name="ki_description" value="Fiducial Marker"/>
      <property name="ki_keywords" value="fiducial marker"/>
      <sheetpath names="/" tstamps="/"/>
      <tstamps>00000000-0000-0000-0000-00005d322056</tstamps>
    </comp>
    <comp ref="H1">
      <value> </value>
      <footprint>stdpads:PasteHole_1.152mm_NPTH</footprint>
      <libsource lib="Mechanical" part="MountingHole" description="Mounting Hole without connection"/>
      <property name="Sheetname" value=""/>
      <property name="Sheetfile" value="RAM128.kicad_sch"/>
      <property name="ki_description" value="Mounting Hole without connection"/>
      <property name="ki_keywords" value="mounting hole"/>
      <sheetpath names="/" tstamps="/"/>
      <tstamps>00000000-0000-0000-0000-0000607fa433</tstamps>
    </comp>
    <comp ref="H2">
      <value> </value>
      <footprint>stdpads:PasteHole_1.152mm_NPTH</footprint>
      <libsource lib="Mechanical" part="MountingHole" description="Mounting Hole without connection"/>
      <property name="Sheetname" value=""/>
      <property name="Sheetfile" value="RAM128.kicad_sch"/>
      <property name="ki_description" value="Mounting Hole without connection"/>
      <property name="ki_keywords" value="mounting hole"/>
      <sheetpath names="/" tstamps="/"/>
      <tstamps>00000000-0000-0000-0000-0000607fa434</tstamps>
    </comp>
    <comp ref="H3">
      <value> </value>
      <footprint>stdpads:PasteHole_1.152mm_NPTH</footprint>
      <libsource lib="Mechanical" part="MountingHole" description="Mounting Hole without connection"/>
      <property name="Sheetname" value=""/>
      <property name="Sheetfile" value="RAM128.kicad_sch"/>
      <property name="ki_description" value="Mounting Hole without connection"/>
      <property name="ki_keywords" value="mounting hole"/>
      <sheetpath names="/" tstamps="/"/>
      <tstamps>00000000-0000-0000-0000-0000607fa435</tstamps>
    </comp>
    <comp ref="H4">
      <value> </value>
      <footprint>stdpads:PasteHole_1.152mm_NPTH</footprint>
      <libsource lib="Mechanical" part="MountingHole" description="Mounting Hole without connection"/>
      <property name="Sheetname" value=""/>
      <property name="Sheetfile" value="RAM128.kicad_sch"/>
      <property name="ki_description" value="Mounting Hole without connection"/>
      <property name="ki_keywords" value="mounting hole"/>
      <sheetpath names="/" tstamps="/"/>
      <tstamps>00000000-0000-0000-0000-00005cc7e0c0</tstamps>
    </comp>
    <comp ref="H5">
      <value> </value>
      <footprint>stdpads:PasteHole_1.152mm_NPTH</footprint>
      <libsource lib="Mechanical" part="MountingHole" description="Mounting Hole without connection"/>
      <property name="Sheetname" value=""/>
      <property name="Sheetfile" value="RAM128.kicad_sch"/>
      <property name="ki_description" value="Mounting Hole without connection"/>
      <property name="ki_keywords" value="mounting hole"/>
      <sheetpath names="/" tstamps="/"/>
      <tstamps>00000000-0000-0000-0000-00005feb3221</tstamps>
    </comp>
    <comp ref="J1">
      <value>AppleIIBus</value>
      <footprint>stdpads:AppleIIBus_Edge</footprint>
      <libsource lib="Connector_Generic" part="Conn_02x25_Counter_Clockwise" description="Generic connector, double row, 02x25, counter clockwise pin numbering scheme (similar to DIP packge numbering), script generated (kicad-library-utils/schlib/autogen/connector/)"/>
      <property name="Sheetname" value=""/>
      <property name="Sheetfile" value="RAM128.kicad_sch"/>
      <property name="ki_description" value="Generic connector, double row, 02x25, counter clockwise pin numbering scheme (similar to DIP packge numbering), script generated (kicad-library-utils/schlib/autogen/connector/)"/>
      <property name="ki_keywords" value="connector"/>
      <sheetpath names="/" tstamps="/"/>
      <tstamps>00000000-0000-0000-0000-00005cfc517d</tstamps>
    </comp>
    <comp ref="R1">
      <value>22k</value>
      <footprint>stdpads:R_0805</footprint>
      <fields>
        <field name="LCSC Part">C17560</field>
      </fields>
      <libsource lib="Device" part="R_Small" description="Resistor, small symbol"/>
      <property name="LCSC Part" value="C17560"/>
      <property name="Sheetname" value=""/>
      <property name="Sheetfile" value="RAM128.kicad_sch"/>
      <property name="ki_description" value="Resistor, small symbol"/>
      <property name="ki_keywords" value="R resistor"/>
      <sheetpath names="/" tstamps="/"/>
      <tstamps>a3b42137-8af8-4179-8fb1-a48e2465e4d9</tstamps>
    </comp>
    <comp ref="R2">
      <value>22k</value>
      <footprint>stdpads:R_0805</footprint>
      <fields>
        <field name="LCSC Part">C17560</field>
      </fields>
      <libsource lib="Device" part="R_Small" description="Resistor, small symbol"/>
      <property name="LCSC Part" value="C17560"/>
      <property name="Sheetname" value=""/>
      <property name="Sheetfile" value="RAM128.kicad_sch"/>
      <property name="ki_description" value="Resistor, small symbol"/>
      <property name="ki_keywords" value="R resistor"/>
      <sheetpath names="/" tstamps="/"/>
      <tstamps>00000000-0000-0000-0000-00005fb1d703</tstamps>
    </comp>
    <comp ref="R3">
      <value>22k</value>
      <footprint>stdpads:R_0805</footprint>
      <fields>
        <field name="LCSC Part">C17560</field>
      </fields>
      <libsource lib="Device" part="R_Small" description="Resistor, small symbol"/>
      <property name="LCSC Part" value="C17560"/>
      <property name="Sheetname" value=""/>
      <property name="Sheetfile" value="RAM128.kicad_sch"/>
      <property name="ki_description" value="Resistor, small symbol"/>
      <property name="ki_keywords" value="R resistor"/>
      <sheetpath names="/" tstamps="/"/>
      <tstamps>0acd97f2-2a06-4e2a-a39a-b5b851529e2c</tstamps>
    </comp>
    <comp ref="R4">
      <value>22k</value>
      <footprint>stdpads:R_0805</footprint>
      <fields>
        <field name="LCSC Part">C17560</field>
      </fields>
      <libsource lib="Device" part="R_Small" description="Resistor, small symbol"/>
      <property name="LCSC Part" value="C17560"/>
      <property name="Sheetname" value=""/>
      <property name="Sheetfile" value="RAM128.kicad_sch"/>
      <property name="ki_description" value="Resistor, small symbol"/>
      <property name="ki_keywords" value="R resistor"/>
      <sheetpath names="/" tstamps="/"/>
      <tstamps>00000000-0000-0000-0000-0000602bb8bd</tstamps>
    </comp>
    <comp ref="R5">
      <value>0</value>
      <footprint>stdpads:R_0805</footprint>
      <fields>
        <field name="LCSC Part">C17477</field>
      </fields>
      <libsource lib="Device" part="R_Small" description="Resistor, small symbol"/>
      <property name="LCSC Part" value="C17477"/>
      <property name="Sheetname" value=""/>
      <property name="Sheetfile" value="RAM128.kicad_sch"/>
      <property name="ki_description" value="Resistor, small symbol"/>
      <property name="ki_keywords" value="R resistor"/>
      <sheetpath names="/" tstamps="/"/>
      <tstamps>00000000-0000-0000-0000-00006018642a</tstamps>
    </comp>
    <comp ref="R6">
      <value>DNP</value>
      <footprint>stdpads:R_0805</footprint>
      <libsource lib="Device" part="R_Small" description="Resistor, small symbol"/>
      <property name="LCSC Part" value=""/>
      <property name="Sheetname" value=""/>
      <property name="Sheetfile" value="RAM128.kicad_sch"/>
      <property name="ki_description" value="Resistor, small symbol"/>
      <property name="ki_keywords" value="R resistor"/>
      <sheetpath names="/" tstamps="/"/>
      <tstamps>7341c6af-8b91-4523-87a5-64f8fd3b1c6f</tstamps>
    </comp>
    <comp ref="SW1">
      <value>DMA/ROM</value>
      <footprint>stdpads:SW_DIP_SPSTx02_Slide_DSHP02TS_P1.27mm</footprint>
      <fields>
        <field name="LCSC Part">C319052</field>
      </fields>
      <libsource lib="Switch" part="SW_DIP_x02" description="2x DIP Switch, Single Pole Single Throw (SPST) switch, small symbol"/>
      <property name="LCSC Part" value="C319052"/>
      <property name="Sheetname" value=""/>
      <property name="Sheetfile" value="RAM128.kicad_sch"/>
      <property name="ki_description" value="2x DIP Switch, Single Pole Single Throw (SPST) switch, small symbol"/>
      <property name="ki_keywords" value="dip switch"/>
      <sheetpath names="/" tstamps="/"/>
      <tstamps>00000000-0000-0000-0000-00006678eba0</tstamps>
    </comp>
    <comp ref="U1">
      <value>621024</value>
      <footprint>stdpads:SOP-32_450mil</footprint>
      <datasheet>http://www.futurlec.com/Datasheet/Memory/628128.pdf</datasheet>
      <fields>
        <field name="LCSC Part">C397875</field>
      </fields>
      <libsource lib="GW_RAM" part="SRAM-128Kx8-SOP-32" description="128K x 8 High-Speed CMOS Static RAM, 55/70ns, TSOP-I-32"/>
      <property name="LCSC Part" value="C397875"/>
      <property name="Sheetname" value=""/>
      <property name="Sheetfile" value="RAM128.kicad_sch"/>
      <property name="ki_description" value="128K x 8 High-Speed CMOS Static RAM, 55/70ns, TSOP-I-32"/>
      <property name="ki_keywords" value="RAM SRAM CMOS MEMORY"/>
      <sheetpath names="/" tstamps="/"/>
      <tstamps>00000000-0000-0000-0000-000061c2b655</tstamps>
    </comp>
    <comp ref="U2">
      <value>74HCT245PW</value>
      <footprint>stdpads:TSSOP-20_4.4x6.5mm_P0.65mm</footprint>
      <fields>
        <field name="LCSC Part">C5980</field>
      </fields>
      <libsource lib="GW_Logic" part="74245" description=""/>
      <property name="LCSC Part" value="C5980"/>
      <property name="Sheetname" value=""/>
      <property name="Sheetfile" value="RAM128.kicad_sch"/>
      <sheetpath names="/" tstamps="/"/>
      <tstamps>00000000-0000-0000-0000-00005f96867c</tstamps>
    </comp>
    <comp ref="U3">
      <value>74HCT273PW</value>
      <footprint>stdpads:TSSOP-20_4.4x6.5mm_P0.65mm</footprint>
      <datasheet>http://www.ti.com/lit/gpn/sn74LS273</datasheet>
      <fields>
        <field name="LCSC Part">C5983</field>
      </fields>
      <libsource lib="74xx" part="74LS273" description="8-bit D Flip-Flop, reset"/>
      <property name="LCSC Part" value="C5983"/>
      <property name="Sheetname" value=""/>
      <property name="Sheetfile" value="RAM128.kicad_sch"/>
      <property name="ki_description" value="8-bit D Flip-Flop, reset"/>
      <property name="ki_keywords" value="TTL DFF DFF8"/>
      <sheetpath names="/" tstamps="/"/>
      <tstamps>00000000-0000-0000-0000-00005fa968ed</tstamps>
    </comp>
    <comp ref="U4">
      <value>74HCT273PW</value>
      <footprint>stdpads:TSSOP-20_4.4x6.5mm_P0.65mm</footprint>
      <datasheet>http://www.ti.com/lit/gpn/sn74LS273</datasheet>
      <fields>
        <field name="LCSC Part">C5983</field>
      </fields>
      <libsource lib="74xx" part="74LS273" description="8-bit D Flip-Flop, reset"/>
      <property name="LCSC Part" value="C5983"/>
      <property name="Sheetname" value=""/>
      <property name="Sheetfile" value="RAM128.kicad_sch"/>
      <property name="ki_description" value="8-bit D Flip-Flop, reset"/>
      <property name="ki_keywords" value="TTL DFF DFF8"/>
      <sheetpath names="/" tstamps="/"/>
      <tstamps>00000000-0000-0000-0000-00005fb03a58</tstamps>
    </comp>
    <comp ref="U5">
      <value>74AHCT1G32GW</value>
      <footprint>stdpads:SOT-353</footprint>
      <fields>
        <field name="LCSC Part">C554582</field>
      </fields>
      <libsource lib="GW_Logic" part="741G32GW" description=""/>
      <property name="LCSC Part" value="C554582"/>
      <property name="Sheetname" value=""/>
      <property name="Sheetfile" value="RAM128.kicad_sch"/>
      <sheetpath names="/" tstamps="/"/>
      <tstamps>40e1767a-6c4e-4309-8fb5-7834955ca1c3</tstamps>
    </comp>
    <comp ref="U6">
      <value>74AHCT08PW</value>
      <footprint>stdpads:TSSOP-14_4.4x5mm_P0.65mm</footprint>
      <datasheet>http://www.ti.com/lit/gpn/sn74LS08</datasheet>
      <fields>
        <field name="LCSC Part">C155175</field>
      </fields>
      <libsource lib="74xx" part="74LS08" description="Quad And2"/>
      <property name="LCSC Part" value="C155175"/>
      <property name="Sheetname" value=""/>
      <property name="Sheetfile" value="RAM128.kicad_sch"/>
      <property name="ki_description" value="Quad And2"/>
      <property name="ki_keywords" value="TTL and2"/>
      <sheetpath names="/" tstamps="/"/>
      <tstamps>00000000-0000-0000-0000-000061d062d6 00000000-0000-0000-0000-000061b5b3a5 00000000-0000-0000-0000-000061b54ef4 00000000-0000-0000-0000-000062d8945c 00000000-0000-0000-0000-0000619d9080</tstamps>
    </comp>
    <comp ref="U7">
      <value>74AHCT32PW</value>
      <footprint>stdpads:TSSOP-14_4.4x5mm_P0.65mm</footprint>
      <datasheet>http://www.ti.com/lit/gpn/sn74LS32</datasheet>
      <fields>
        <field name="LCSC Part">C129435</field>
      </fields>
      <libsource lib="74xx" part="74LS32" description="Quad 2-input OR"/>
      <property name="LCSC Part" value="C129435"/>
      <property name="Sheetname" value=""/>
      <property name="Sheetfile" value="RAM128.kicad_sch"/>
      <property name="ki_description" value="Quad 2-input OR"/>
      <property name="ki_keywords" value="TTL Or2"/>
      <sheetpath names="/" tstamps="/"/>
      <tstamps>00000000-0000-0000-0000-000061d074ca 00000000-0000-0000-0000-00005f7df4ee 00000000-0000-0000-0000-00005fccc753 00000000-0000-0000-0000-000062d952df 00000000-0000-0000-0000-00005f7dd697</tstamps>
    </comp>
    <comp ref="U8">
      <value>74AHCT08PW</value>
      <footprint>stdpads:TSSOP-14_4.4x5mm_P0.65mm</footprint>
      <datasheet>http://www.ti.com/lit/gpn/sn74LS08</datasheet>
      <fields>
        <field name="LCSC Part">C155175</field>
      </fields>
      <libsource lib="74xx" part="74LS08" description="Quad And2"/>
      <property name="LCSC Part" value="C155175"/>
      <property name="Sheetname" value=""/>
      <property name="Sheetfile" value="RAM128.kicad_sch"/>
      <property name="ki_description" value="Quad And2"/>
      <property name="ki_keywords" value="TTL and2"/>
      <sheetpath names="/" tstamps="/"/>
      <tstamps>00000000-0000-0000-0000-000061d08fb5 00000000-0000-0000-0000-000061a70000 00000000-0000-0000-0000-000061a685e7 00000000-0000-0000-0000-000061a46228 00000000-0000-0000-0000-000061a43ff7</tstamps>
    </comp>
    <comp ref="U9">
      <value>74AHCT08PW</value>
      <footprint>stdpads:TSSOP-14_4.4x5mm_P0.65mm</footprint>
      <datasheet>http://www.ti.com/lit/gpn/sn74LS08</datasheet>
      <fields>
        <field name="LCSC Part">C155175</field>
      </fields>
      <libsource lib="74xx" part="74LS08" description="Quad And2"/>
      <property name="LCSC Part" value="C155175"/>
      <property name="Sheetname" value=""/>
      <property name="Sheetfile" value="RAM128.kicad_sch"/>
      <property name="ki_description" value="Quad And2"/>
      <property name="ki_keywords" value="TTL and2"/>
      <sheetpath names="/" tstamps="/"/>
      <tstamps>00000000-0000-0000-0000-000061d098b2 00000000-0000-0000-0000-000061aa432e 00000000-0000-0000-0000-000061ab3a41 00000000-0000-0000-0000-000061a83c83 00000000-0000-0000-0000-000061a65c14</tstamps>
    </comp>
    <comp ref="U10">
      <value>74AHCT32PW</value>
      <footprint>stdpads:TSSOP-14_4.4x5mm_P0.65mm</footprint>
      <datasheet>http://www.ti.com/lit/gpn/sn74LS32</datasheet>
      <fields>
        <field name="LCSC Part">C129435</field>
      </fields>
      <libsource lib="74xx" part="74LS32" description="Quad 2-input OR"/>
      <property name="LCSC Part" value="C129435"/>
      <property name="Sheetname" value=""/>
      <property name="Sheetfile" value="RAM128.kicad_sch"/>
      <property name="ki_description" value="Quad 2-input OR"/>
      <property name="ki_keywords" value="TTL Or2"/>
      <sheetpath names="/" tstamps="/"/>
      <tstamps>00000000-0000-0000-0000-000061d0a2bd 00000000-0000-0000-0000-000061b525ed 00000000-0000-0000-0000-000061a941f5 00000000-0000-0000-0000-000061a79955 00000000-0000-0000-0000-000061a4204d</tstamps>
    </comp>
    <comp ref="U11">
      <value>74AHCT1G126GW</value>
      <footprint>stdpads:SOT-353</footprint>
      <fields>
        <field name="LCSC Part">C150723</field>
      </fields>
      <libsource lib="GW_Logic" part="741G126GW" description=""/>
      <property name="LCSC Part" value="C150723"/>
      <property name="Sheetname" value=""/>
      <property name="Sheetfile" value="RAM128.kicad_sch"/>
      <sheetpath names="/" tstamps="/"/>
      <tstamps>00000000-0000-0000-0000-000061e07386</tstamps>
    </comp>
    <comp ref="U12">
      <value>74AHCT1G04GW</value>
      <footprint>stdpads:SOT-353</footprint>
      <fields>
        <field name="LCSC Part">C148199</field>
      </fields>
      <libsource lib="GW_Logic" part="741G04GW" description=""/>
      <property name="LCSC Part" value="C148199"/>
      <property name="Sheetname" value=""/>
      <property name="Sheetfile" value="RAM128.kicad_sch"/>
      <sheetpath names="/" tstamps="/"/>
      <tstamps>00000000-0000-0000-0000-00005fc8e893</tstamps>
    </comp>
    <comp ref="U13">
      <value>74AHCT1G04GW</value>
      <footprint>stdpads:SOT-353</footprint>
      <fields>
        <field name="LCSC Part">C148199</field>
      </fields>
      <libsource lib="GW_Logic" part="741G04GW" description=""/>
      <property name="LCSC Part" value="C148199"/>
      <property name="Sheetname" value=""/>
      <property name="Sheetfile" value="RAM128.kicad_sch"/>
      <sheetpath names="/" tstamps="/"/>
      <tstamps>00000000-0000-0000-0000-00005fb92b54</tstamps>
    </comp>
    <comp ref="U14">
      <value>74AHCT1G04GW</value>
      <footprint>stdpads:SOT-353</footprint>
      <fields>
        <field name="LCSC Part">C148199</field>
      </fields>
      <libsource lib="GW_Logic" part="741G04GW" description=""/>
      <property name="LCSC Part" value="C148199"/>
      <property name="Sheetname" value=""/>
      <property name="Sheetfile" value="RAM128.kicad_sch"/>
      <sheetpath names="/" tstamps="/"/>
      <tstamps>00000000-0000-0000-0000-00005fbd8b0c</tstamps>
    </comp>
    <comp ref="U15">
      <value>74AHCT1G04GW</value>
      <footprint>stdpads:SOT-353</footprint>
      <fields>
        <field name="LCSC Part">C148199</field>
      </fields>
      <libsource lib="GW_Logic" part="741G04GW" description=""/>
      <property name="LCSC Part" value="C148199"/>
      <property name="Sheetname" value=""/>
      <property name="Sheetfile" value="RAM128.kicad_sch"/>
      <sheetpath names="/" tstamps="/"/>
      <tstamps>00000000-0000-0000-0000-00005fb80274</tstamps>
    </comp>
    <comp ref="U16">
      <value>74AHCT1G04GW</value>
      <footprint>stdpads:SOT-353</footprint>
      <fields>
        <field name="LCSC Part">C148199</field>
      </fields>
      <libsource lib="GW_Logic" part="741G04GW" description=""/>
      <property name="LCSC Part" value="C148199"/>
      <property name="Sheetname" value=""/>
      <property name="Sheetfile" value="RAM128.kicad_sch"/>
      <sheetpath names="/" tstamps="/"/>
      <tstamps>00000000-0000-0000-0000-00005fc98278</tstamps>
    </comp>
    <comp ref="U17">
      <value>74AHCT1G04GW</value>
      <footprint>stdpads:SOT-353</footprint>
      <fields>
        <field name="LCSC Part">C148199</field>
      </fields>
      <libsource lib="GW_Logic" part="741G04GW" description=""/>
      <property name="LCSC Part" value="C148199"/>
      <property name="Sheetname" value=""/>
      <property name="Sheetfile" value="RAM128.kicad_sch"/>
      <sheetpath names="/" tstamps="/"/>
      <tstamps>00000000-0000-0000-0000-00005fccac3e</tstamps>
    </comp>
    <comp ref="U18">
      <value>74AHCT1G32GW</value>
      <footprint>stdpads:SOT-353</footprint>
      <fields>
        <field name="LCSC Part">C554582</field>
      </fields>
      <libsource lib="GW_Logic" part="741G32GW" description=""/>
      <property name="LCSC Part" value="C554582"/>
      <property name="Sheetname" value=""/>
      <property name="Sheetfile" value="RAM128.kicad_sch"/>
      <sheetpath names="/" tstamps="/"/>
      <tstamps>2ca00c38-f91c-45d8-8b43-f869c72f7ca0</tstamps>
    </comp>
    <comp ref="U19">
      <value>74AHCT1G04GW</value>
      <footprint>stdpads:SOT-353</footprint>
      <fields>
        <field name="LCSC Part">C148199</field>
      </fields>
      <libsource lib="GW_Logic" part="741G04GW" description=""/>
      <property name="LCSC Part" value="C148199"/>
      <property name="Sheetname" value=""/>
      <property name="Sheetfile" value="RAM128.kicad_sch"/>
      <sheetpath names="/" tstamps="/"/>
      <tstamps>00000000-0000-0000-0000-00005fc35ddd</tstamps>
    </comp>
    <comp ref="U20">
      <value>74AHCT1G04GW</value>
      <footprint>stdpads:SOT-353</footprint>
      <fields>
        <field name="LCSC Part">C148199</field>
      </fields>
      <libsource lib="GW_Logic" part="741G04GW" description=""/>
      <property name="LCSC Part" value="C148199"/>
      <property name="Sheetname" value=""/>
      <property name="Sheetfile" value="RAM128.kicad_sch"/>
      <sheetpath names="/" tstamps="/"/>
      <tstamps>00000000-0000-0000-0000-00005fc18e00</tstamps>
    </comp>
  </components>
  <libparts>
    <libpart lib="74xx" part="74LS08">
      <description>Quad And2</description>
      <docs>http://www.ti.com/lit/gpn/sn74LS08</docs>
      <footprints>
        <fp>DIP*W7.62mm*</fp>
      </footprints>
      <fields>
        <field name="Reference">U</field>
        <field name="Value">74LS08</field>
        <field name="Datasheet">http://www.ti.com/lit/gpn/sn74LS08</field>
      </fields>
      <pins>
        <pin num="1" name="" type="input"/>
        <pin num="2" name="" type="input"/>
        <pin num="3" name="" type="output"/>
        <pin num="4" name="" type="input"/>
        <pin num="5" name="" type="input"/>
        <pin num="6" name="" type="output"/>
        <pin num="7" name="GND" type="power_in"/>
        <pin num="8" name="" type="output"/>
        <pin num="9" name="" type="input"/>
        <pin num="10" name="" type="input"/>
        <pin num="11" name="" type="output"/>
        <pin num="12" name="" type="input"/>
        <pin num="13" name="" type="input"/>
        <pin num="14" name="VCC" type="power_in"/>
      </pins>
    </libpart>
    <libpart lib="74xx" part="74LS273">
      <description>8-bit D Flip-Flop, reset</description>
      <docs>http://www.ti.com/lit/gpn/sn74LS273</docs>
      <footprints>
        <fp>DIP?20*</fp>
        <fp>SO?20*</fp>
        <fp>SOIC?20*</fp>
      </footprints>
      <fields>
        <field name="Reference">U</field>
        <field name="Value">74LS273</field>
        <field name="Datasheet">http://www.ti.com/lit/gpn/sn74LS273</field>
      </fields>
      <pins>
        <pin num="1" name="~{Mr}" type="input"/>
        <pin num="2" name="Q0" type="output"/>
        <pin num="3" name="D0" type="input"/>
        <pin num="4" name="D1" type="input"/>
        <pin num="5" name="Q1" type="output"/>
        <pin num="6" name="Q2" type="output"/>
        <pin num="7" name="D2" type="input"/>
        <pin num="8" name="D3" type="input"/>
        <pin num="9" name="Q3" type="output"/>
        <pin num="10" name="GND" type="power_in"/>
        <pin num="11" name="Cp" type="input"/>
        <pin num="12" name="Q4" type="output"/>
        <pin num="13" name="D4" type="input"/>
        <pin num="14" name="D5" type="input"/>
        <pin num="15" name="Q5" type="output"/>
        <pin num="16" name="Q6" type="output"/>
        <pin num="17" name="D6" type="input"/>
        <pin num="18" name="D7" type="input"/>
        <pin num="19" name="Q7" type="output"/>
        <pin num="20" name="VCC" type="power_in"/>
      </pins>
    </libpart>
    <libpart lib="74xx" part="74LS32">
      <description>Quad 2-input OR</description>
      <docs>http://www.ti.com/lit/gpn/sn74LS32</docs>
      <footprints>
        <fp>DIP?14*</fp>
      </footprints>
      <fields>
        <field name="Reference">U</field>
        <field name="Value">74LS32</field>
        <field name="Datasheet">http://www.ti.com/lit/gpn/sn74LS32</field>
      </fields>
      <pins>
        <pin num="1" name="" type="input"/>
        <pin num="2" name="" type="input"/>
        <pin num="3" name="" type="output"/>
        <pin num="4" name="" type="input"/>
        <pin num="5" name="" type="input"/>
        <pin num="6" name="" type="output"/>
        <pin num="7" name="GND" type="power_in"/>
        <pin num="8" name="" type="output"/>
        <pin num="9" name="" type="input"/>
        <pin num="10" name="" type="input"/>
        <pin num="11" name="" type="output"/>
        <pin num="12" name="" type="input"/>
        <pin num="13" name="" type="input"/>
        <pin num="14" name="VCC" type="power_in"/>
      </pins>
    </libpart>
    <libpart lib="Connector_Generic" part="Conn_02x25_Counter_Clockwise">
      <description>Generic connector, double row, 02x25, counter clockwise pin numbering scheme (similar to DIP packge numbering), script generated (kicad-library-utils/schlib/autogen/connector/)</description>
      <docs>~</docs>
      <footprints>
        <fp>Connector*:*_2x??_*</fp>
      </footprints>
      <fields>
        <field name="Reference">J</field>
        <field name="Value">Conn_02x25_Counter_Clockwise</field>
        <field name="Datasheet">~</field>
      </fields>
      <pins>
        <pin num="1" name="Pin_1" type="passive"/>
        <pin num="2" name="Pin_2" type="passive"/>
        <pin num="3" name="Pin_3" type="passive"/>
        <pin num="4" name="Pin_4" type="passive"/>
        <pin num="5" name="Pin_5" type="passive"/>
        <pin num="6" name="Pin_6" type="passive"/>
        <pin num="7" name="Pin_7" type="passive"/>
        <pin num="8" name="Pin_8" type="passive"/>
        <pin num="9" name="Pin_9" type="passive"/>
        <pin num="10" name="Pin_10" type="passive"/>
        <pin num="11" name="Pin_11" type="passive"/>
        <pin num="12" name="Pin_12" type="passive"/>
        <pin num="13" name="Pin_13" type="passive"/>
        <pin num="14" name="Pin_14" type="passive"/>
        <pin num="15" name="Pin_15" type="passive"/>
        <pin num="16" name="Pin_16" type="passive"/>
        <pin num="17" name="Pin_17" type="passive"/>
        <pin num="18" name="Pin_18" type="passive"/>
        <pin num="19" name="Pin_19" type="passive"/>
        <pin num="20" name="Pin_20" type="passive"/>
        <pin num="21" name="Pin_21" type="passive"/>
        <pin num="22" name="Pin_22" type="passive"/>
        <pin num="23" name="Pin_23" type="passive"/>
        <pin num="24" name="Pin_24" type="passive"/>
        <pin num="25" name="Pin_25" type="passive"/>
        <pin num="26" name="Pin_26" type="passive"/>
        <pin num="27" name="Pin_27" type="passive"/>
        <pin num="28" name="Pin_28" type="passive"/>
        <pin num="29" name="Pin_29" type="passive"/>
        <pin num="30" name="Pin_30" type="passive"/>
        <pin num="31" name="Pin_31" type="passive"/>
        <pin num="32" name="Pin_32" type="passive"/>
        <pin num="33" name="Pin_33" type="passive"/>
        <pin num="34" name="Pin_34" type="passive"/>
        <pin num="35" name="Pin_35" type="passive"/>
        <pin num="36" name="Pin_36" type="passive"/>
        <pin num="37" name="Pin_37" type="passive"/>
        <pin num="38" name="Pin_38" type="passive"/>
        <pin num="39" name="Pin_39" type="passive"/>
        <pin num="40" name="Pin_40" type="passive"/>
        <pin num="41" name="Pin_41" type="passive"/>
        <pin num="42" name="Pin_42" type="passive"/>
        <pin num="43" name="Pin_43" type="passive"/>
        <pin num="44" name="Pin_44" type="passive"/>
        <pin num="45" name="Pin_45" type="passive"/>
        <pin num="46" name="Pin_46" type="passive"/>
        <pin num="47" name="Pin_47" type="passive"/>
        <pin num="48" name="Pin_48" type="passive"/>
        <pin num="49" name="Pin_49" type="passive"/>
        <pin num="50" name="Pin_50" type="passive"/>
      </pins>
    </libpart>
    <libpart lib="Device" part="C_Small">
      <description>Unpolarized capacitor, small symbol</description>
      <docs>~</docs>
      <footprints>
        <fp>C_*</fp>
      </footprints>
      <fields>
        <field name="Reference">C</field>
        <field name="Value">C_Small</field>
        <field name="Datasheet">~</field>
      </fields>
      <pins>
        <pin num="1" name="" type="passive"/>
        <pin num="2" name="" type="passive"/>
      </pins>
    </libpart>
    <libpart lib="Device" part="R_Small">
      <description>Resistor, small symbol</description>
      <docs>~</docs>
      <footprints>
        <fp>R_*</fp>
      </footprints>
      <fields>
        <field name="Reference">R</field>
        <field name="Value">R_Small</field>
        <field name="Datasheet">~</field>
      </fields>
      <pins>
        <pin num="1" name="" type="passive"/>
        <pin num="2" name="" type="passive"/>
      </pins>
    </libpart>
    <libpart lib="GW_Logic" part="741G04GW">
      <fields>
        <field name="Reference">U</field>
        <field name="Value">741G04GW</field>
        <field name="Footprint">stdpads:SOT-353</field>
      </fields>
      <pins>
        <pin num="1" name="NC" type="no_connect"/>
        <pin num="2" name="A" type="input"/>
        <pin num="3" name="GND" type="power_in"/>
        <pin num="4" name="Y" type="output"/>
        <pin num="5" name="Vcc" type="power_in"/>
      </pins>
    </libpart>
    <libpart lib="GW_Logic" part="741G126GW">
      <fields>
        <field name="Reference">U</field>
        <field name="Value">741G126GW</field>
        <field name="Footprint">stdpads:SOT-353</field>
      </fields>
      <pins>
        <pin num="1" name="OE" type="input"/>
        <pin num="2" name="A" type="input"/>
        <pin num="3" name="GND" type="power_in"/>
        <pin num="4" name="Y" type="output"/>
        <pin num="5" name="Vcc" type="power_in"/>
      </pins>
    </libpart>
    <libpart lib="GW_Logic" part="741G32GW">
      <fields>
        <field name="Reference">U</field>
        <field name="Value">741G32GW</field>
        <field name="Footprint">stdpads:SOT-353</field>
      </fields>
      <pins>
        <pin num="1" name="A" type="input"/>
        <pin num="2" name="B" type="input"/>
        <pin num="3" name="GND" type="power_in"/>
        <pin num="4" name="Y" type="output"/>
        <pin num="5" name="Vcc" type="power_in"/>
      </pins>
    </libpart>
    <libpart lib="GW_Logic" part="74245">
      <fields>
        <field name="Reference">U</field>
        <field name="Value">74245</field>
      </fields>
      <pins>
        <pin num="1" name="AtoB" type="input"/>
        <pin num="2" name="A0" type="bidirectional"/>
        <pin num="3" name="A1" type="bidirectional"/>
        <pin num="4" name="A2" type="bidirectional"/>
        <pin num="5" name="A3" type="bidirectional"/>
        <pin num="6" name="A4" type="bidirectional"/>
        <pin num="7" name="A5" type="bidirectional"/>
        <pin num="8" name="A6" type="bidirectional"/>
        <pin num="9" name="A7" type="bidirectional"/>
        <pin num="10" name="GND" type="power_in"/>
        <pin num="11" name="B7" type="bidirectional"/>
        <pin num="12" name="B6" type="bidirectional"/>
        <pin num="13" name="B5" type="bidirectional"/>
        <pin num="14" name="B4" type="bidirectional"/>
        <pin num="15" name="B3" type="bidirectional"/>
        <pin num="16" name="B2" type="bidirectional"/>
        <pin num="17" name="B1" type="bidirectional"/>
        <pin num="18" name="B0" type="bidirectional"/>
        <pin num="19" name="~{OE}" type="input"/>
        <pin num="20" name="Vcc" type="power_in"/>
      </pins>
    </libpart>
    <libpart lib="GW_RAM" part="SRAM-128Kx8-SOP-32">
      <description>128K x 8 High-Speed CMOS Static RAM, 55/70ns, TSOP-I-32</description>
      <docs>http://www.futurlec.com/Datasheet/Memory/628128.pdf</docs>
      <footprints>
        <fp>TSOP?I*11.8x8mm*P0.5mm*</fp>
        <fp>TSOP?I*18.4x8mm*P0.5mm*</fp>
      </footprints>
      <fields>
        <field name="Reference">U?</field>
        <field name="Value">SRAM-128Kx8-SOP-32</field>
        <field name="Footprint">stdpads:SOP-32_P1.27mm</field>
        <field name="Datasheet">http://www.futurlec.com/Datasheet/Memory/628128.pdf</field>
      </fields>
      <pins>
        <pin num="1" name="NC" type="no_connect"/>
        <pin num="2" name="A16" type="input"/>
        <pin num="3" name="A14" type="input"/>
        <pin num="4" name="A12" type="input"/>
        <pin num="5" name="A7" type="input"/>
        <pin num="6" name="A6" type="input"/>
        <pin num="7" name="A5" type="input"/>
        <pin num="8" name="A4" type="input"/>
        <pin num="9" name="A3" type="input"/>
        <pin num="10" name="A2" type="input"/>
        <pin num="11" name="A1" type="input"/>
        <pin num="12" name="A0" type="input"/>
        <pin num="13" name="D0" type="bidirectional"/>
        <pin num="14" name="D1" type="bidirectional"/>
        <pin num="15" name="D2" type="bidirectional"/>
        <pin num="16" name="GND" type="power_in"/>
        <pin num="17" name="D3" type="bidirectional"/>
        <pin num="18" name="D4" type="bidirectional"/>
        <pin num="19" name="D5" type="bidirectional"/>
        <pin num="20" name="D6" type="bidirectional"/>
        <pin num="21" name="D7" type="bidirectional"/>
        <pin num="22" name="~{CS}" type="input"/>
        <pin num="23" name="A10" type="input"/>
        <pin num="24" name="~{OE}" type="input"/>
        <pin num="25" name="A11" type="input"/>
        <pin num="26" name="A9" type="input"/>
        <pin num="27" name="A8" type="input"/>
        <pin num="28" name="A13" type="input"/>
        <pin num="29" name="~{WE}" type="input"/>
        <pin num="30" name="CS" type="input"/>
        <pin num="31" name="A15" type="input"/>
        <pin num="32" name="VCC" type="power_in"/>
      </pins>
    </libpart>
    <libpart lib="Mechanical" part="Fiducial">
      <description>Fiducial Marker</description>
      <docs>~</docs>
      <footprints>
        <fp>Fiducial*</fp>
      </footprints>
      <fields>
        <field name="Reference">FID</field>
        <field name="Value">Fiducial</field>
        <field name="Datasheet">~</field>
      </fields>
    </libpart>
    <libpart lib="Mechanical" part="MountingHole">
      <description>Mounting Hole without connection</description>
      <docs>~</docs>
      <footprints>
        <fp>MountingHole*</fp>
      </footprints>
      <fields>
        <field name="Reference">H</field>
        <field name="Value">MountingHole</field>
        <field name="Datasheet">~</field>
      </fields>
    </libpart>
    <libpart lib="Switch" part="SW_DIP_x02">
      <description>2x DIP Switch, Single Pole Single Throw (SPST) switch, small symbol</description>
      <docs>~</docs>
      <footprints>
        <fp>SW?DIP?x2*</fp>
      </footprints>
      <fields>
        <field name="Reference">SW</field>
        <field name="Value">SW_DIP_x02</field>
        <field name="Datasheet">~</field>
      </fields>
      <pins>
        <pin num="1" name="" type="passive"/>
        <pin num="2" name="" type="passive"/>
        <pin num="3" name="" type="passive"/>
        <pin num="4" name="" type="passive"/>
      </pins>
    </libpart>
  </libparts>
  <libraries>
    <library logical="74xx">
      <uri>/Applications/KiCad/KiCad.app/Contents/SharedSupport/symbols//74xx.kicad_sym</uri>
    </library>
    <library logical="Connector_Generic">
      <uri>/Applications/KiCad/KiCad.app/Contents/SharedSupport/symbols//Connector_Generic.kicad_sym</uri>
    </library>
    <library logical="Device">
      <uri>/Applications/KiCad/KiCad.app/Contents/SharedSupport/symbols//Device.kicad_sym</uri>
    </library>
    <library logical="GW_Logic">
      <uri>/Users/zane/Library/Mobile Documents/com~apple~CloudDocs/Repos/RAM128/../GW_Parts/GW_Logic.kicad_sym</uri>
    </library>
    <library logical="GW_RAM">
      <uri>/Users/zane/Library/Mobile Documents/com~apple~CloudDocs/Repos/RAM128/../GW_Parts/GW_RAM.kicad_sym</uri>
    </library>
    <library logical="Mechanical">
      <uri>/Applications/KiCad/KiCad.app/Contents/SharedSupport/symbols//Mechanical.kicad_sym</uri>
    </library>
    <library logical="Switch">
      <uri>/Applications/KiCad/KiCad.app/Contents/SharedSupport/symbols//Switch.kicad_sym</uri>
    </library>
  </libraries>
  <nets>
    <net code="1" name="+5V">
      <node ref="C1" pin="1" pintype="passive"/>
      <node ref="C10" pin="1" pintype="passive"/>
      <node ref="C11" pin="1" pintype="passive"/>
      <node ref="C12" pin="1" pintype="passive"/>
      <node ref="C13" pin="1" pintype="passive"/>
      <node ref="C14" pin="1" pintype="passive"/>
      <node ref="C15" pin="1" pintype="passive"/>
      <node ref="C17" pin="1" pintype="passive"/>
      <node ref="C18" pin="1" pintype="passive"/>
      <node ref="C2" pin="1" pintype="passive"/>
      <node ref="C3" pin="1" pintype="passive"/>
      <node ref="C4" pin="1" pintype="passive"/>
      <node ref="C5" pin="1" pintype="passive"/>
      <node ref="C6" pin="1" pintype="passive"/>
      <node ref="C7" pin="1" pintype="passive"/>
      <node ref="C8" pin="1" pintype="passive"/>
      <node ref="C9" pin="1" pintype="passive"/>
      <node ref="J1" pin="25" pinfunction="Pin_25" pintype="passive"/>
      <node ref="R1" pin="1" pintype="passive"/>
      <node ref="R3" pin="1" pintype="passive"/>
      <node ref="R4" pin="1" pintype="passive"/>
      <node ref="U1" pin="30" pinfunction="CS" pintype="input"/>
      <node ref="U1" pin="32" pinfunction="VCC" pintype="power_in"/>
      <node ref="U10" pin="14" pinfunction="VCC" pintype="power_in"/>
      <node ref="U11" pin="5" pinfunction="Vcc" pintype="power_in"/>
      <node ref="U12" pin="5" pinfunction="Vcc" pintype="power_in"/>
      <node ref="U13" pin="5" pinfunction="Vcc" pintype="power_in"/>
      <node ref="U14" pin="5" pinfunction="Vcc" pintype="power_in"/>
      <node ref="U15" pin="5" pinfunction="Vcc" pintype="power_in"/>
      <node ref="U16" pin="5" pinfunction="Vcc" pintype="power_in"/>
      <node ref="U17" pin="5" pinfunction="Vcc" pintype="power_in"/>
      <node ref="U18" pin="5" pinfunction="Vcc" pintype="power_in"/>
      <node ref="U19" pin="5" pinfunction="Vcc" pintype="power_in"/>
      <node ref="U2" pin="20" pinfunction="Vcc" pintype="power_in"/>
      <node ref="U20" pin="5" pinfunction="Vcc" pintype="power_in"/>
      <node ref="U3" pin="20" pinfunction="VCC" pintype="power_in"/>
      <node ref="U4" pin="20" pinfunction="VCC" pintype="power_in"/>
      <node ref="U5" pin="5" pinfunction="Vcc" pintype="power_in"/>
      <node ref="U6" pin="14" pinfunction="VCC" pintype="power_in"/>
      <node ref="U7" pin="14" pinfunction="VCC" pintype="power_in"/>
      <node ref="U8" pin="14" pinfunction="VCC" pintype="power_in"/>
      <node ref="U9" pin="14" pinfunction="VCC" pintype="power_in"/>
    </net>
    <net code="2" name="+12V">
      <node ref="C16" pin="1" pintype="passive"/>
      <node ref="J1" pin="50" pinfunction="Pin_50" pintype="passive"/>
    </net>
    <net code="3" name="-5V">
      <node ref="J1" pin="34" pinfunction="Pin_34" pintype="passive"/>
    </net>
    <net code="4" name="-12V">
      <node ref="J1" pin="33" pinfunction="Pin_33" pintype="passive"/>
    </net>
    <net code="5" name="/7M">
      <node ref="J1" pin="36" pinfunction="Pin_36" pintype="passive"/>
    </net>
    <net code="6" name="/A0">
      <node ref="J1" pin="2" pinfunction="Pin_2" pintype="passive"/>
      <node ref="U1" pin="12" pinfunction="A0" pintype="input"/>
      <node ref="U13" pin="2" pinfunction="A" pintype="input"/>
      <node ref="U3" pin="7" pinfunction="D2" pintype="input"/>
      <node ref="U4" pin="7" pinfunction="D2" pintype="input"/>
      <node ref="U6" pin="10" pintype="input"/>
      <node ref="U6" pin="4" pintype="input"/>
    </net>
    <net code="7" name="/A1">
      <node ref="J1" pin="3" pinfunction="Pin_3" pintype="passive"/>
      <node ref="U1" pin="23" pinfunction="A10" pintype="input"/>
      <node ref="U14" pin="2" pinfunction="A" pintype="input"/>
      <node ref="U4" pin="4" pinfunction="D1" pintype="input"/>
      <node ref="U6" pin="5" pintype="input"/>
    </net>
    <net code="8" name="/A2">
      <node ref="J1" pin="4" pinfunction="Pin_4" pintype="passive"/>
      <node ref="U1" pin="11" pinfunction="A1" pintype="input"/>
      <node ref="U12" pin="2" pinfunction="A" pintype="input"/>
      <node ref="U7" pin="4" pintype="input"/>
    </net>
    <net code="9" name="/A2clk">
      <node ref="U4" pin="11" pinfunction="Cp" pintype="input"/>
      <node ref="U7" pin="3" pintype="output"/>
    </net>
    <net code="10" name="/A3">
      <node ref="J1" pin="5" pinfunction="Pin_5" pintype="passive"/>
      <node ref="U1" pin="10" pinfunction="A2" pintype="input"/>
      <node ref="U3" pin="3" pinfunction="D0" pintype="input"/>
      <node ref="U4" pin="3" pinfunction="D0" pintype="input"/>
    </net>
    <net code="11" name="/A4">
      <node ref="J1" pin="6" pinfunction="Pin_6" pintype="passive"/>
      <node ref="U1" pin="25" pinfunction="A11" pintype="input"/>
    </net>
    <net code="12" name="/A5">
      <node ref="J1" pin="7" pinfunction="Pin_7" pintype="passive"/>
      <node ref="U1" pin="9" pinfunction="A3" pintype="input"/>
    </net>
    <net code="13" name="/A6">
      <node ref="J1" pin="8" pinfunction="Pin_8" pintype="passive"/>
      <node ref="U1" pin="26" pinfunction="A9" pintype="input"/>
    </net>
    <net code="14" name="/A7">
      <node ref="J1" pin="9" pinfunction="Pin_9" pintype="passive"/>
      <node ref="U1" pin="8" pinfunction="A4" pintype="input"/>
    </net>
    <net code="15" name="/A8">
      <node ref="J1" pin="10" pinfunction="Pin_10" pintype="passive"/>
      <node ref="U1" pin="27" pinfunction="A8" pintype="input"/>
    </net>
    <net code="16" name="/A9">
      <node ref="J1" pin="11" pinfunction="Pin_11" pintype="passive"/>
      <node ref="U1" pin="7" pinfunction="A5" pintype="input"/>
    </net>
    <net code="17" name="/A10">
      <node ref="J1" pin="12" pinfunction="Pin_12" pintype="passive"/>
      <node ref="U1" pin="28" pinfunction="A13" pintype="input"/>
    </net>
    <net code="18" name="/A11">
      <node ref="J1" pin="13" pinfunction="Pin_13" pintype="passive"/>
      <node ref="U1" pin="6" pinfunction="A6" pintype="input"/>
    </net>
    <net code="19" name="/A12">
      <node ref="J1" pin="14" pinfunction="Pin_14" pintype="passive"/>
      <node ref="U10" pin="13" pintype="input"/>
      <node ref="U8" pin="1" pintype="input"/>
    </net>
    <net code="20" name="/A13">
      <node ref="J1" pin="15" pinfunction="Pin_15" pintype="passive"/>
      <node ref="U1" pin="31" pinfunction="A15" pintype="input"/>
      <node ref="U10" pin="12" pintype="input"/>
      <node ref="U15" pin="2" pinfunction="A" pintype="input"/>
      <node ref="U8" pin="2" pintype="input"/>
    </net>
    <net code="21" name="/A14">
      <node ref="J1" pin="16" pinfunction="Pin_16" pintype="passive"/>
      <node ref="U8" pin="13" pintype="input"/>
    </net>
    <net code="22" name="/A15">
      <node ref="J1" pin="17" pinfunction="Pin_17" pintype="passive"/>
      <node ref="U8" pin="12" pintype="input"/>
    </net>
    <net code="23" name="/BankAB">
      <node ref="U3" pin="2" pinfunction="Q0" pintype="output"/>
      <node ref="U8" pin="5" pintype="input"/>
    </net>
    <net code="24" name="/COLORREF">
      <node ref="J1" pin="35" pinfunction="Pin_35" pintype="passive"/>
    </net>
    <net code="25" name="/D0">
      <node ref="J1" pin="49" pinfunction="Pin_49" pintype="passive"/>
      <node ref="U2" pin="9" pinfunction="A7" pintype="bidirectional"/>
    </net>
    <net code="26" name="/D1">
      <node ref="J1" pin="48" pinfunction="Pin_48" pintype="passive"/>
      <node ref="U2" pin="8" pinfunction="A6" pintype="bidirectional"/>
    </net>
    <net code="27" name="/D2">
      <node ref="J1" pin="47" pinfunction="Pin_47" pintype="passive"/>
      <node ref="U2" pin="7" pinfunction="A5" pintype="bidirectional"/>
    </net>
    <net code="28" name="/D3">
      <node ref="J1" pin="46" pinfunction="Pin_46" pintype="passive"/>
      <node ref="U2" pin="6" pinfunction="A4" pintype="bidirectional"/>
    </net>
    <net code="29" name="/D4">
      <node ref="J1" pin="45" pinfunction="Pin_45" pintype="passive"/>
      <node ref="U2" pin="5" pinfunction="A3" pintype="bidirectional"/>
    </net>
    <net code="30" name="/D5">
      <node ref="J1" pin="44" pinfunction="Pin_44" pintype="passive"/>
      <node ref="U2" pin="4" pinfunction="A2" pintype="bidirectional"/>
    </net>
    <net code="31" name="/D6">
      <node ref="J1" pin="43" pinfunction="Pin_43" pintype="passive"/>
      <node ref="U2" pin="3" pinfunction="A1" pintype="bidirectional"/>
    </net>
    <net code="32" name="/D7">
      <node ref="J1" pin="42" pinfunction="Pin_42" pintype="passive"/>
      <node ref="U2" pin="2" pinfunction="A0" pintype="bidirectional"/>
    </net>
    <net code="33" name="/DDIR">
      <node ref="U2" pin="1" pinfunction="AtoB" pintype="input"/>
      <node ref="U7" pin="11" pintype="output"/>
    </net>
    <net code="34" name="/DMA">
      <node ref="J1" pin="22" pinfunction="Pin_22" pintype="passive"/>
    </net>
    <net code="35" name="/DMAin">
      <node ref="J1" pin="27" pinfunction="Pin_27" pintype="passive"/>
      <node ref="R3" pin="2" pintype="passive"/>
      <node ref="SW1" pin="4" pintype="passive"/>
      <node ref="U19" pin="2" pinfunction="A" pintype="input"/>
    </net>
    <net code="36" name="/DMAout">
      <node ref="J1" pin="24" pinfunction="Pin_24" pintype="passive"/>
      <node ref="U20" pin="4" pinfunction="Y" pintype="output"/>
    </net>
    <net code="37" name="/D~{OE}">
      <node ref="U18" pin="2" pinfunction="B" pintype="input"/>
      <node ref="U2" pin="19" pinfunction="~{OE}" pintype="input"/>
      <node ref="U5" pin="4" pinfunction="Y" pintype="output"/>
    </net>
    <net code="38" name="/ENRD">
      <node ref="U3" pin="5" pinfunction="Q1" pintype="output"/>
      <node ref="U9" pin="12" pintype="input"/>
    </net>
    <net code="39" name="/ENWR">
      <node ref="U3" pin="9" pinfunction="Q3" pintype="output"/>
      <node ref="U8" pin="9" pintype="input"/>
    </net>
    <net code="40" name="/ENWR1">
      <node ref="U3" pin="6" pinfunction="Q2" pintype="output"/>
      <node ref="U6" pin="9" pintype="input"/>
    </net>
    <net code="41" name="/ENWR1A0">
      <node ref="U3" pin="8" pinfunction="D3" pintype="input"/>
      <node ref="U6" pin="8" pintype="output"/>
    </net>
    <net code="42" name="/INHOE">
      <node ref="U11" pin="1" pinfunction="OE" pintype="input"/>
      <node ref="U6" pin="12" pintype="input"/>
      <node ref="U9" pin="8" pintype="output"/>
    </net>
    <net code="43" name="/INTin">
      <node ref="J1" pin="23" pinfunction="Pin_23" pintype="passive"/>
      <node ref="J1" pin="28" pinfunction="Pin_28" pintype="passive"/>
    </net>
    <net code="44" name="/PHI0">
      <node ref="J1" pin="40" pinfunction="Pin_40" pintype="passive"/>
      <node ref="U9" pin="5" pintype="input"/>
    </net>
    <net code="45" name="/PHI1">
      <node ref="J1" pin="38" pinfunction="Pin_38" pintype="passive"/>
      <node ref="U5" pin="1" pinfunction="A" pintype="input"/>
    </net>
    <net code="46" name="/Q3">
      <node ref="J1" pin="37" pinfunction="Pin_37" pintype="passive"/>
      <node ref="U5" pin="2" pinfunction="B" pintype="input"/>
    </net>
    <net code="47" name="/RA12">
      <node ref="U1" pin="5" pinfunction="A7" pintype="input"/>
      <node ref="U10" pin="6" pintype="output"/>
    </net>
    <net code="48" name="/RA14">
      <node ref="U1" pin="4" pinfunction="A12" pintype="input"/>
      <node ref="U4" pin="6" pinfunction="Q2" pintype="output"/>
    </net>
    <net code="49" name="/RA15">
      <node ref="U1" pin="3" pinfunction="A14" pintype="input"/>
      <node ref="U4" pin="5" pinfunction="Q1" pintype="output"/>
    </net>
    <net code="50" name="/RA16">
      <node ref="U1" pin="2" pinfunction="A16" pintype="input"/>
      <node ref="U4" pin="2" pinfunction="Q0" pintype="output"/>
    </net>
    <net code="51" name="/RCS">
      <node ref="SW1" pin="3" pintype="passive"/>
      <node ref="U17" pin="2" pinfunction="A" pintype="input"/>
      <node ref="U9" pin="6" pintype="output"/>
    </net>
    <net code="52" name="/RD0">
      <node ref="U1" pin="13" pinfunction="D0" pintype="bidirectional"/>
      <node ref="U2" pin="15" pinfunction="B3" pintype="bidirectional"/>
    </net>
    <net code="53" name="/RD1">
      <node ref="U1" pin="14" pinfunction="D1" pintype="bidirectional"/>
      <node ref="U2" pin="17" pinfunction="B1" pintype="bidirectional"/>
    </net>
    <net code="54" name="/RD2">
      <node ref="U1" pin="15" pinfunction="D2" pintype="bidirectional"/>
      <node ref="U2" pin="12" pinfunction="B6" pintype="bidirectional"/>
    </net>
    <net code="55" name="/RD3">
      <node ref="U1" pin="17" pinfunction="D3" pintype="bidirectional"/>
      <node ref="U2" pin="11" pinfunction="B7" pintype="bidirectional"/>
    </net>
    <net code="56" name="/RD4">
      <node ref="U1" pin="18" pinfunction="D4" pintype="bidirectional"/>
      <node ref="U2" pin="13" pinfunction="B5" pintype="bidirectional"/>
    </net>
    <net code="57" name="/RD5">
      <node ref="U1" pin="19" pinfunction="D5" pintype="bidirectional"/>
      <node ref="U2" pin="18" pinfunction="B0" pintype="bidirectional"/>
    </net>
    <net code="58" name="/RD6">
      <node ref="U1" pin="20" pinfunction="D6" pintype="bidirectional"/>
      <node ref="U2" pin="16" pinfunction="B2" pintype="bidirectional"/>
    </net>
    <net code="59" name="/RD7">
      <node ref="U1" pin="21" pinfunction="D7" pintype="bidirectional"/>
      <node ref="U2" pin="14" pinfunction="B4" pintype="bidirectional"/>
    </net>
    <net code="60" name="/RDY">
      <node ref="J1" pin="21" pinfunction="Pin_21" pintype="passive"/>
    </net>
    <net code="61" name="/R~{CS}">
      <node ref="U1" pin="22" pinfunction="~{CS}" pintype="input"/>
      <node ref="U17" pin="4" pinfunction="Y" pintype="output"/>
      <node ref="U7" pin="13" pintype="input"/>
    </net>
    <net code="62" name="/R~{WE}">
      <node ref="R6" pin="2" pintype="passive"/>
      <node ref="U1" pin="29" pinfunction="~{WE}" pintype="input"/>
      <node ref="U18" pin="4" pinfunction="Y" pintype="output"/>
    </net>
    <net code="63" name="/R~{W}">
      <node ref="J1" pin="18" pinfunction="Pin_18" pintype="passive"/>
      <node ref="R6" pin="1" pintype="passive"/>
      <node ref="U16" pin="2" pinfunction="A" pintype="input"/>
      <node ref="U18" pin="1" pinfunction="A" pintype="input"/>
      <node ref="U9" pin="13" pintype="input"/>
    </net>
    <net code="64" name="/USER1">
      <node ref="J1" pin="39" pinfunction="Pin_39" pintype="passive"/>
    </net>
    <net code="65" name="/VIDSYNC">
      <node ref="J1" pin="19" pinfunction="Pin_19" pintype="passive"/>
    </net>
    <net code="66" name="/~{A0XOR1}">
      <node ref="U10" pin="3" pintype="output"/>
      <node ref="U3" pin="4" pinfunction="D1" pintype="input"/>
    </net>
    <net code="67" name="/~{A0}">
      <node ref="U13" pin="4" pinfunction="Y" pintype="output"/>
      <node ref="U6" pin="1" pintype="input"/>
    </net>
    <net code="68" name="/~{A1}">
      <node ref="U14" pin="4" pinfunction="Y" pintype="output"/>
      <node ref="U6" pin="2" pintype="input"/>
    </net>
    <net code="69" name="/~{A2}">
      <node ref="U12" pin="4" pinfunction="Y" pintype="output"/>
      <node ref="U7" pin="1" pintype="input"/>
    </net>
    <net code="70" name="/~{A2}clk">
      <node ref="U3" pin="11" pinfunction="Cp" pintype="input"/>
      <node ref="U7" pin="6" pintype="output"/>
    </net>
    <net code="71" name="/~{A13}">
      <node ref="U15" pin="4" pinfunction="Y" pintype="output"/>
      <node ref="U8" pin="4" pintype="input"/>
    </net>
    <net code="72" name="/~{DEVSEL}">
      <node ref="J1" pin="41" pinfunction="Pin_41" pintype="passive"/>
      <node ref="U7" pin="2" pintype="input"/>
      <node ref="U7" pin="5" pintype="input"/>
    </net>
    <net code="73" name="/~{DMAout}">
      <node ref="U20" pin="2" pinfunction="A" pintype="input"/>
      <node ref="U7" pin="8" pintype="output"/>
    </net>
    <net code="74" name="/~{INH}">
      <node ref="J1" pin="32" pinfunction="Pin_32" pintype="passive"/>
      <node ref="R1" pin="2" pintype="passive"/>
      <node ref="R5" pin="1" pintype="passive"/>
    </net>
    <net code="75" name="/~{IOSEL}">
      <node ref="J1" pin="1" pinfunction="Pin_1" pintype="passive"/>
    </net>
    <net code="76" name="/~{IOSTRB}">
      <node ref="J1" pin="20" pinfunction="Pin_20" pintype="passive"/>
    </net>
    <net code="77" name="/~{IRQ}">
      <node ref="J1" pin="30" pinfunction="Pin_30" pintype="passive"/>
    </net>
    <net code="78" name="/~{NMI}">
      <node ref="J1" pin="29" pinfunction="Pin_29" pintype="passive"/>
    </net>
    <net code="79" name="/~{RES}">
      <node ref="J1" pin="31" pinfunction="Pin_31" pintype="passive"/>
      <node ref="U3" pin="1" pinfunction="~{Mr}" pintype="input"/>
      <node ref="U4" pin="1" pinfunction="~{Mr}" pintype="input"/>
    </net>
    <net code="80" name="/~{R}W">
      <node ref="U1" pin="24" pinfunction="~{OE}" pintype="input"/>
      <node ref="U16" pin="4" pinfunction="Y" pintype="output"/>
      <node ref="U7" pin="12" pintype="input"/>
      <node ref="U8" pin="10" pintype="input"/>
    </net>
    <net code="81" name="GND">
      <node ref="C1" pin="2" pintype="passive"/>
      <node ref="C10" pin="2" pintype="passive"/>
      <node ref="C11" pin="2" pintype="passive"/>
      <node ref="C12" pin="2" pintype="passive"/>
      <node ref="C13" pin="2" pintype="passive"/>
      <node ref="C14" pin="2" pintype="passive"/>
      <node ref="C15" pin="2" pintype="passive"/>
      <node ref="C16" pin="2" pintype="passive"/>
      <node ref="C17" pin="2" pintype="passive"/>
      <node ref="C18" pin="2" pintype="passive"/>
      <node ref="C2" pin="2" pintype="passive"/>
      <node ref="C3" pin="2" pintype="passive"/>
      <node ref="C4" pin="2" pintype="passive"/>
      <node ref="C5" pin="2" pintype="passive"/>
      <node ref="C6" pin="2" pintype="passive"/>
      <node ref="C7" pin="2" pintype="passive"/>
      <node ref="C8" pin="2" pintype="passive"/>
      <node ref="C9" pin="2" pintype="passive"/>
      <node ref="J1" pin="26" pinfunction="Pin_26" pintype="passive"/>
      <node ref="R2" pin="2" pintype="passive"/>
      <node ref="U1" pin="16" pinfunction="GND" pintype="power_in"/>
      <node ref="U10" pin="7" pinfunction="GND" pintype="power_in"/>
      <node ref="U11" pin="2" pinfunction="A" pintype="input"/>
      <node ref="U11" pin="3" pinfunction="GND" pintype="power_in"/>
      <node ref="U12" pin="3" pinfunction="GND" pintype="power_in"/>
      <node ref="U13" pin="3" pinfunction="GND" pintype="power_in"/>
      <node ref="U14" pin="3" pinfunction="GND" pintype="power_in"/>
      <node ref="U15" pin="3" pinfunction="GND" pintype="power_in"/>
      <node ref="U16" pin="3" pinfunction="GND" pintype="power_in"/>
      <node ref="U17" pin="3" pinfunction="GND" pintype="power_in"/>
      <node ref="U18" pin="3" pinfunction="GND" pintype="power_in"/>
      <node ref="U19" pin="3" pinfunction="GND" pintype="power_in"/>
      <node ref="U2" pin="10" pinfunction="GND" pintype="power_in"/>
      <node ref="U20" pin="3" pinfunction="GND" pintype="power_in"/>
      <node ref="U3" pin="10" pinfunction="GND" pintype="power_in"/>
      <node ref="U3" pin="13" pinfunction="D4" pintype="input"/>
      <node ref="U3" pin="14" pinfunction="D5" pintype="input"/>
      <node ref="U3" pin="17" pinfunction="D6" pintype="input"/>
      <node ref="U3" pin="18" pinfunction="D7" pintype="input"/>
      <node ref="U4" pin="10" pinfunction="GND" pintype="power_in"/>
      <node ref="U4" pin="13" pinfunction="D4" pintype="input"/>
      <node ref="U4" pin="14" pinfunction="D5" pintype="input"/>
      <node ref="U4" pin="17" pinfunction="D6" pintype="input"/>
      <node ref="U4" pin="18" pinfunction="D7" pintype="input"/>
      <node ref="U4" pin="8" pinfunction="D3" pintype="input"/>
      <node ref="U5" pin="3" pinfunction="GND" pintype="power_in"/>
      <node ref="U6" pin="7" pinfunction="GND" pintype="power_in"/>
      <node ref="U7" pin="7" pinfunction="GND" pintype="power_in"/>
      <node ref="U8" pin="7" pinfunction="GND" pintype="power_in"/>
      <node ref="U9" pin="7" pinfunction="GND" pintype="power_in"/>
    </net>
    <net code="82" name="Net-(R2-Pad1)">
      <node ref="R2" pin="1" pintype="passive"/>
      <node ref="SW1" pin="2" pintype="passive"/>
      <node ref="U7" pin="9" pintype="input"/>
    </net>
    <net code="83" name="Net-(R4-Pad2)">
      <node ref="R4" pin="2" pintype="passive"/>
      <node ref="SW1" pin="1" pintype="passive"/>
      <node ref="U6" pin="13" pintype="input"/>
    </net>
    <net code="84" name="Net-(U6-Pad11)">
      <node ref="U6" pin="11" pintype="output"/>
      <node ref="U9" pin="4" pintype="input"/>
    </net>
    <net code="85" name="Net-(U8-Pad11)">
      <node ref="U8" pin="11" pintype="output"/>
      <node ref="U9" pin="1" pintype="input"/>
    </net>
    <net code="86" name="Net-(U9-Pad10)">
      <node ref="U9" pin="10" pintype="input"/>
      <node ref="U9" pin="3" pintype="output"/>
    </net>
    <net code="87" name="Net-(U10-Pad1)">
      <node ref="U10" pin="1" pintype="input"/>
      <node ref="U6" pin="3" pintype="output"/>
    </net>
    <net code="88" name="Net-(U10-Pad2)">
      <node ref="U10" pin="2" pintype="input"/>
      <node ref="U6" pin="6" pintype="output"/>
    </net>
    <net code="89" name="Net-(U10-Pad4)">
      <node ref="U10" pin="4" pintype="input"/>
      <node ref="U8" pin="6" pintype="output"/>
    </net>
    <net code="90" name="Net-(U10-Pad5)">
      <node ref="U10" pin="5" pintype="input"/>
      <node ref="U8" pin="3" pintype="output"/>
    </net>
    <net code="91" name="Net-(U10-Pad8)">
      <node ref="U10" pin="8" pintype="output"/>
      <node ref="U9" pin="9" pintype="input"/>
    </net>
    <net code="92" name="Net-(U10-Pad9)">
      <node ref="U10" pin="9" pintype="input"/>
      <node ref="U9" pin="11" pintype="output"/>
    </net>
    <net code="93" name="Net-(U10-Pad10)">
      <node ref="U10" pin="10" pintype="input"/>
      <node ref="U8" pin="8" pintype="output"/>
    </net>
    <net code="94" name="Net-(U10-Pad11)">
      <node ref="U10" pin="11" pintype="output"/>
      <node ref="U9" pin="2" pintype="input"/>
    </net>
    <net code="95" name="Net-(U11-Y)">
      <node ref="R5" pin="2" pintype="passive"/>
      <node ref="U11" pin="4" pinfunction="Y" pintype="output"/>
    </net>
    <net code="96" name="Net-(U19-Y)">
      <node ref="U19" pin="4" pinfunction="Y" pintype="output"/>
      <node ref="U7" pin="10" pintype="input"/>
    </net>
    <net code="97" name="unconnected-(U1-NC-Pad1)">
      <node ref="U1" pin="1" pinfunction="NC" pintype="no_connect"/>
    </net>
    <net code="98" name="unconnected-(U3-Q4-Pad12)">
      <node ref="U3" pin="12" pinfunction="Q4" pintype="output+no_connect"/>
    </net>
    <net code="99" name="unconnected-(U3-Q5-Pad15)">
      <node ref="U3" pin="15" pinfunction="Q5" pintype="output+no_connect"/>
    </net>
    <net code="100" name="unconnected-(U3-Q6-Pad16)">
      <node ref="U3" pin="16" pinfunction="Q6" pintype="output+no_connect"/>
    </net>
    <net code="101" name="unconnected-(U3-Q7-Pad19)">
      <node ref="U3" pin="19" pinfunction="Q7" pintype="output+no_connect"/>
    </net>
    <net code="102" name="unconnected-(U4-Q3-Pad9)">
      <node ref="U4" pin="9" pinfunction="Q3" pintype="output+no_connect"/>
    </net>
    <net code="103" name="unconnected-(U4-Q4-Pad12)">
      <node ref="U4" pin="12" pinfunction="Q4" pintype="output+no_connect"/>
    </net>
    <net code="104" name="unconnected-(U4-Q5-Pad15)">
      <node ref="U4" pin="15" pinfunction="Q5" pintype="output+no_connect"/>
    </net>
    <net code="105" name="unconnected-(U4-Q6-Pad16)">
      <node ref="U4" pin="16" pinfunction="Q6" pintype="output+no_connect"/>
    </net>
    <net code="106" name="unconnected-(U4-Q7-Pad19)">
      <node ref="U4" pin="19" pinfunction="Q7" pintype="output+no_connect"/>
    </net>
    <net code="107" name="unconnected-(U12-NC-Pad1)">
      <node ref="U12" pin="1" pinfunction="NC" pintype="no_connect"/>
    </net>
    <net code="108" name="unconnected-(U13-NC-Pad1)">
      <node ref="U13" pin="1" pinfunction="NC" pintype="no_connect"/>
    </net>
    <net code="109" name="unconnected-(U14-NC-Pad1)">
      <node ref="U14" pin="1" pinfunction="NC" pintype="no_connect"/>
    </net>
    <net code="110" name="unconnected-(U15-NC-Pad1)">
      <node ref="U15" pin="1" pinfunction="NC" pintype="no_connect"/>
    </net>
    <net code="111" name="unconnected-(U16-NC-Pad1)">
      <node ref="U16" pin="1" pinfunction="NC" pintype="no_connect"/>
    </net>
    <net code="112" name="unconnected-(U17-NC-Pad1)">
      <node ref="U17" pin="1" pinfunction="NC" pintype="no_connect"/>
    </net>
    <net code="113" name="unconnected-(U19-NC-Pad1)">
      <node ref="U19" pin="1" pinfunction="NC" pintype="no_connect"/>
    </net>
    <net code="114" name="unconnected-(U20-NC-Pad1)">
      <node ref="U20" pin="1" pinfunction="NC" pintype="no_connect"/>
    </net>
  </nets>
</export>
